testType,requestBytes,responseBytes,executionNanos
FILE,16,1048576,5026654
FILE,16,1048576,3525210
FILE,16,1048576,3663577
FILE,16,1048576,4313133
FILE,16,1048576,14213729
FILE,16,1048576,2893551
FILE,16,1048576,3591718
FILE,16,1048576,3063706
FILE,16,1048576,2886515
FILE,16,1048576,3167141
FILE,16,1048576,2999026
FILE,16,1048576,2989441
FILE,16,1048576,3133619
FILE,16,1048576,2865383
FILE,16,1048576,2938027
FILE,16,1048576,2905489
FILE,16,1048576,3190402
FILE,16,1048576,2822324
FILE,16,1048576,2910062
FILE,16,1048576,3292124
FILE,16,1048576,2856345
FILE,16,1048576,2869419
FILE,16,1048576,3212132
FILE,16,1048576,35940016
FILE,16,1048576,2960473
FILE,16,1048576,3187566
FILE,16,1048576,3081344
FILE,16,1048576,3204508
FILE,16,1048576,3383771
FILE,16,1048576,3625215
FILE,16,1048576,3527228
FILE,16,1048576,3084666
FILE,16,1048576,3217607
FILE,16,1048576,3214299
FILE,16,1048576,3066049
FILE,16,1048576,3772731
FILE,16,1048576,3052309
FILE,16,1048576,3086982
FILE,16,1048576,3371067
FILE,16,1048576,3107860
FILE,16,1048576,3061297
FILE,16,1048576,3618745
FILE,16,1048576,3087797
FILE,16,1048576,3038314
FILE,16,1048576,3118381
FILE,16,1048576,3738142
FILE,16,1048576,3675328
FILE,16,1048576,3030088
FILE,16,1048576,3141656
FILE,16,1048576,2881289
FILE,16,1048576,2853470
FILE,16,1048576,3124106
FILE,16,1048576,2769860
FILE,16,1048576,3090267
FILE,16,1048576,3913879
FILE,16,1048576,3261501
FILE,16,1048576,3237947
FILE,16,1048576,3835737
FILE,16,1048576,3409004
FILE,16,1048576,3122947
FILE,16,1048576,3177460
FILE,16,1048576,3807174
FILE,16,1048576,3152445
FILE,16,1048576,3162810
FILE,16,1048576,3960649
FILE,16,1048576,3141714
FILE,16,1048576,3208651
FILE,16,1048576,3811698
FILE,16,1048576,4225350
FILE,16,1048576,3176870
FILE,16,1048576,6226729
FILE,16,1048576,2889302
FILE,16,1048576,2833453
FILE,16,1048576,3256048
FILE,16,1048576,3115392
FILE,16,1048576,3092904
FILE,16,1048576,2881125
FILE,16,1048576,3486468
FILE,16,1048576,3104186
FILE,16,1048576,2914039
FILE,16,1048576,3182425
FILE,16,1048576,1423514
FILE,16,1048576,2842332
FILE,16,1048576,2828946
FILE,16,1048576,3175312
FILE,16,1048576,3077207
FILE,16,1048576,2822314
FILE,16,1048576,3193397
FILE,16,1048576,2809688
FILE,16,1048576,2894519
FILE,16,1048576,3191521
FILE,16,1048576,2814522
FILE,16,1048576,2946583
FILE,16,1048576,3106655
FILE,16,1048576,2832319
FILE,16,1048576,2956643
FILE,16,1048576,3484160
FILE,16,1048576,3267345
FILE,16,1048576,2831320
FILE,16,1048576,2897243
FILE,16,1048576,3301427
FILE,16,1048576,2897300
FILE,16,1048576,2875251
FILE,16,1048576,3213608
FILE,16,1048576,2773781
FILE,16,1048576,2830105
FILE,16,1048576,3138807
FILE,16,1048576,3046198
FILE,16,1048576,2932119
FILE,16,1048576,2944462
FILE,16,1048576,3154032
FILE,16,1048576,2905452
FILE,16,1048576,2940370
FILE,16,1048576,3200788
FILE,16,1048576,2784513
FILE,16,1048576,2882130
FILE,16,1048576,3103419
FILE,16,1048576,2780284
FILE,16,1048576,2916388
FILE,16,1048576,3148110
FILE,16,1048576,3382400
FILE,16,1048576,2897090
FILE,16,1048576,2880046
FILE,16,1048576,3137058
FILE,16,1048576,2917789
FILE,16,1048576,2999369
FILE,16,1048576,3032173
FILE,16,1048576,2979806
FILE,16,1048576,2784277
FILE,16,1048576,3331628
FILE,16,1048576,2760983
FILE,16,1048576,2918797
FILE,16,1048576,3203344
FILE,16,1048576,2793553
FILE,16,1048576,2843606
FILE,16,1048576,2885698
FILE,16,1048576,5587079
FILE,16,1048576,2790011
FILE,16,1048576,3621245
FILE,16,1048576,2886938
FILE,16,1048576,3140254
FILE,16,1048576,3016728
FILE,16,1048576,2832276
FILE,16,1048576,2939926
FILE,16,1048576,2865568
FILE,16,1048576,3278795
FILE,16,1048576,2762451
FILE,16,1048576,2853684
FILE,16,1048576,3381351
FILE,16,1048576,2884329
FILE,16,1048576,2931762
FILE,16,1048576,27578015
FILE,16,1048576,3009218
FILE,16,1048576,3362296
FILE,16,1048576,2903409
FILE,16,1048576,2935013
FILE,16,1048576,3019138
FILE,16,1048576,2878449
FILE,16,1048576,2974019
FILE,16,1048576,2765212
FILE,16,1048576,1233153
FILE,16,1048576,2867439
FILE,16,1048576,2802899
FILE,16,1048576,2994640
FILE,16,1048576,3040089
FILE,16,1048576,2908360
FILE,16,1048576,2889645
FILE,16,1048576,3188767
FILE,16,1048576,2739411
FILE,16,1048576,2905417
FILE,16,1048576,3382521
FILE,16,1048576,2741523
FILE,16,1048576,2901282
FILE,16,1048576,2818784
FILE,16,1048576,2950164
FILE,16,1048576,2726228
FILE,16,1048576,2981990
FILE,16,1048576,2938282
FILE,16,1048576,2763093
FILE,16,1048576,2975006
FILE,16,1048576,2934069
FILE,16,1048576,2906214
FILE,16,1048576,2801838
FILE,16,1048576,2896151
FILE,16,1048576,2875651
FILE,16,1048576,2794909
FILE,16,1048576,3002088
FILE,16,1048576,2738887
FILE,16,1048576,2791779
FILE,16,1048576,2945812
FILE,16,1048576,2763352
FILE,16,1048576,2926791
FILE,16,1048576,2928426
FILE,16,1048576,2730067
FILE,16,1048576,3057520
FILE,16,1048576,2807039
FILE,16,1048576,3226299
FILE,16,1048576,2716730
FILE,16,1048576,2747066
FILE,16,1048576,3130878
FILE,16,1048576,2725693
FILE,16,1048576,2873382
FILE,16,1048576,6851633
FILE,16,1048576,2789607
FILE,16,1048576,2778853
FILE,16,1048576,3077585
FILE,16,1048576,2762733
FILE,16,1048576,2902773
FILE,16,1048576,2850438
FILE,16,1048576,3160698
FILE,16,1048576,2774950
FILE,16,1048576,2942555
FILE,16,1048576,2917383
FILE,16,1048576,2860317
FILE,16,1048576,2751371
FILE,16,1048576,3266100
FILE,16,1048576,2861997
FILE,16,1048576,2761644
FILE,16,1048576,3191854
FILE,16,1048576,2934481
FILE,16,1048576,2865180
FILE,16,1048576,2841290
FILE,16,1048576,3126370
FILE,16,1048576,2771296
FILE,16,1048576,2807057
FILE,16,1048576,3133070
FILE,16,1048576,2734295
FILE,16,1048576,2804627
FILE,16,1048576,3711288
FILE,16,1048576,2789446
FILE,16,1048576,2873324
FILE,16,1048576,2895111
FILE,16,1048576,3186599
FILE,16,1048576,2780194
FILE,16,1048576,2832390
FILE,16,1048576,2846376
FILE,16,1048576,2736846
FILE,16,1048576,2922401
FILE,16,1048576,3160835
FILE,16,1048576,3300921
FILE,16,1048576,2841376
FILE,16,1048576,2982693
FILE,16,1048576,2762515
FILE,16,1048576,2860844
FILE,16,1048576,3199657
FILE,16,1048576,3170279
FILE,16,1048576,2781354
FILE,16,1048576,2808730
FILE,16,1048576,3036798
FILE,16,1048576,3013014
FILE,16,1048576,2766420
FILE,16,1048576,3162989
FILE,16,1048576,2748063
FILE,16,1048576,2872902
FILE,16,1048576,3186789
FILE,16,1048576,2989637
FILE,16,1048576,2853082
FILE,16,1048576,2872308
FILE,16,1048576,2902925
FILE,16,1048576,2764419
FILE,16,1048576,2800183
FILE,16,1048576,3110871
FILE,16,1048576,3208763
FILE,16,1048576,2991197
FILE,16,1048576,3308800
FILE,16,1048576,3192386
FILE,16,1048576,2889716
FILE,16,1048576,2939776
FILE,16,1048576,6008538
FILE,16,1048576,2806826
FILE,16,1048576,3284777
FILE,16,1048576,3017653
FILE,16,1048576,2833858
FILE,16,1048576,3028715
FILE,16,1048576,3191583
FILE,16,1048576,2800291
FILE,16,1048576,2732351
FILE,16,1048576,3054254
FILE,16,1048576,2858928
FILE,16,1048576,2851425
FILE,16,1048576,2921020
FILE,16,1048576,2769956
FILE,16,1048576,2911233
FILE,16,1048576,3270367
FILE,16,1048576,2810304
FILE,16,1048576,2830910
FILE,16,1048576,2826140
FILE,16,1048576,3059380
FILE,16,1048576,2820421
FILE,16,1048576,2967092
FILE,16,1048576,2927583
FILE,16,1048576,3278583
FILE,16,1048576,2715570
FILE,16,1048576,2809530
FILE,16,1048576,3044958
FILE,16,1048576,2818778
FILE,16,1048576,2816629
FILE,16,1048576,2856031
FILE,16,1048576,2993746
FILE,16,1048576,2860263
FILE,16,1048576,2908568
FILE,16,1048576,3160405
FILE,16,1048576,2772649
FILE,16,1048576,2847469
FILE,16,1048576,3109371
FILE,16,1048576,3018500
FILE,16,1048576,2788644
FILE,16,1048576,3008067
FILE,16,1048576,3081478
FILE,16,1048576,2869473
FILE,16,1048576,2991894
FILE,16,1048576,2813520
FILE,16,1048576,2858009
FILE,16,1048576,2815552
FILE,16,1048576,3000366
FILE,16,1048576,2785939
FILE,16,1048576,2993072
FILE,16,1048576,3096710
FILE,16,1048576,2749392
FILE,16,1048576,2892332
FILE,16,1048576,3036193
FILE,16,1048576,3275238
FILE,16,1048576,2809748
FILE,16,1048576,2996215
FILE,16,1048576,2971010
FILE,16,1048576,2907566
FILE,16,1048576,3093669
FILE,16,1048576,3041467
FILE,16,1048576,2823183
FILE,16,1048576,2793495
FILE,16,1048576,3172363
FILE,16,1048576,2847665
FILE,16,1048576,3012282
FILE,16,1048576,3083883
FILE,16,1048576,5362406
FILE,16,1048576,2984562
FILE,16,1048576,3138348
FILE,16,1048576,2989959
FILE,16,1048576,2760879
FILE,16,1048576,2806047
FILE,16,1048576,3069579
FILE,16,1048576,2755882
FILE,16,1048576,2818015
FILE,16,1048576,3127814
FILE,16,1048576,2814562
FILE,16,1048576,2821778
FILE,16,1048576,3987048
FILE,16,1048576,3225294
FILE,16,1048576,2860698
FILE,16,1048576,2925396
FILE,16,1048576,2859615
FILE,16,1048576,2957352
FILE,16,1048576,2994850
FILE,16,1048576,3202748
FILE,16,1048576,2753315
FILE,16,1048576,2907828
FILE,16,1048576,3211296
FILE,16,1048576,2911709
FILE,16,1048576,2835350
FILE,16,1048576,3067869
FILE,16,1048576,3049981
FILE,16,1048576,3025271
FILE,16,1048576,2980146
FILE,16,1048576,3404772
FILE,16,1048576,2796402
FILE,16,1048576,3101386
FILE,16,1048576,3167884
FILE,16,1048576,2778275
FILE,16,1048576,2858552
FILE,16,1048576,3279810
FILE,16,1048576,2813770
FILE,16,1048576,2905815
FILE,16,1048576,3166240
FILE,16,1048576,2831299
FILE,16,1048576,2840034
FILE,16,1048576,2864903
FILE,16,1048576,3174369
FILE,16,1048576,2912264
FILE,16,1048576,2781254
FILE,16,1048576,3103237
FILE,16,1048576,2826541
FILE,16,1048576,2853668
FILE,16,1048576,3156291
FILE,16,1048576,1052827
FILE,16,1048576,2806100
FILE,16,1048576,3093749
FILE,16,1048576,3273649
FILE,16,1048576,2775526
FILE,16,1048576,2922488
FILE,16,1048576,2903088
FILE,16,1048576,2818459
FILE,16,1048576,2793057
FILE,16,1048576,3445018
FILE,16,1048576,2966898
FILE,16,1048576,2803616
FILE,16,1048576,3208018
FILE,16,1048576,3372768
FILE,16,1048576,2824628
FILE,16,1048576,2912884
FILE,16,1048576,3224503
FILE,16,1048576,6408848
FILE,16,1048576,2809431
FILE,16,1048576,2814780
FILE,16,1048576,2811123
FILE,16,1048576,2811456
FILE,16,1048576,3150902
FILE,16,1048576,3022062
FILE,16,1048576,24000664
FILE,16,1048576,2861782
FILE,16,1048576,3215966
FILE,16,1048576,3417446
FILE,16,1048576,2794845
FILE,16,1048576,2830930
FILE,16,1048576,3041816
FILE,16,1048576,2785779
FILE,16,1048576,2816672
FILE,16,1048576,3324522
FILE,16,1048576,2801157
FILE,16,1048576,2963504
FILE,16,1048576,2972834
FILE,16,1048576,3075890
FILE,16,1048576,2839483
FILE,16,1048576,2874440
FILE,16,1048576,3288936
FILE,16,1048576,2728782
FILE,16,1048576,2810415
FILE,16,1048576,3135252
FILE,16,1048576,3166111
FILE,16,1048576,2850432
FILE,16,1048576,2969610
FILE,16,1048576,3052446
FILE,16,1048576,3026115
FILE,16,1048576,2923448
FILE,16,1048576,2952416
FILE,16,1048576,2877550
FILE,16,1048576,2894339
FILE,16,1048576,2963876
FILE,16,1048576,2853136
FILE,16,1048576,2824685
FILE,16,1048576,2896718
FILE,16,1048576,2991979
FILE,16,1048576,2742712
FILE,16,1048576,2807781
FILE,16,1048576,3139793
FILE,16,1048576,3004488
FILE,16,1048576,2895536
FILE,16,1048576,3079785
FILE,16,1048576,3014980
FILE,16,1048576,2904100
FILE,16,1048576,3040515
FILE,16,1048576,3079320
FILE,16,1048576,3070176
FILE,16,1048576,2816406
FILE,16,1048576,3105830
FILE,16,1048576,2874382
FILE,16,1048576,2848126
FILE,16,1048576,3550292
FILE,16,1048576,11364912
FILE,16,1048576,3037000
FILE,16,1048576,2948054
FILE,16,1048576,2855725
FILE,16,1048576,2827145
FILE,16,1048576,3094477
FILE,16,1048576,2824020
FILE,16,1048576,2770645
FILE,16,1048576,3123875
FILE,16,1048576,5302651
FILE,16,1048576,2835529
FILE,16,1048576,3163221
FILE,16,1048576,3066995
FILE,16,1048576,2869577
FILE,16,1048576,2813004
FILE,16,1048576,3047003
FILE,16,1048576,2735794
FILE,16,1048576,2823486
FILE,16,1048576,3201049
FILE,16,1048576,2741280
FILE,16,1048576,2768743
FILE,16,1048576,3063428
FILE,16,1048576,2754697
FILE,16,1048576,2912422
FILE,16,1048576,2804077
FILE,16,1048576,3099074
FILE,16,1048576,2741574
FILE,16,1048576,3031128
FILE,16,1048576,3156102
FILE,16,1048576,2742135
FILE,16,1048576,2757499
FILE,16,1048576,3227909
FILE,16,1048576,3061470
FILE,16,1048576,2810395
FILE,16,1048576,2854870
FILE,16,1048576,3024032
FILE,16,1048576,2873122
FILE,16,1048576,2820263
FILE,16,1048576,3127599
FILE,16,1048576,2757337
FILE,16,1048576,2902992
FILE,16,1048576,2931835
FILE,16,1048576,2910343
FILE,16,1048576,2768548
FILE,16,1048576,3137256
FILE,16,1048576,2781938
FILE,16,1048576,2825532
FILE,16,1048576,3003984
FILE,16,1048576,3269005
FILE,16,1048576,2765061
FILE,16,1048576,2791202
FILE,16,1048576,3226965
FILE,16,1048576,2788910
FILE,16,1048576,2839075
FILE,16,1048576,3238525
FILE,16,1048576,2872791
FILE,16,1048576,2811754
FILE,16,1048576,3148173
FILE,16,1048576,2758064
FILE,16,1048576,2796957
FILE,16,1048576,3105514
FILE,16,1048576,3151567
FILE,16,1048576,2755063
FILE,16,1048576,2772536
FILE,16,1048576,3141790
FILE,16,1048576,2760718
FILE,16,1048576,2779013
FILE,16,1048576,3120720
FILE,16,1048576,2785605
FILE,16,1048576,2848611
FILE,16,1048576,3126589
FILE,16,1048576,3391687
FILE,16,1048576,2770265
FILE,16,1048576,2955172
FILE,16,1048576,3285612
FILE,16,1048576,5476116
FILE,16,1048576,2824736
FILE,16,1048576,2912194
FILE,16,1048576,2781939
FILE,16,1048576,2810420
FILE,16,1048576,3429580
FILE,16,1048576,2808981
FILE,16,1048576,2956835
FILE,16,1048576,2827706
FILE,16,1048576,2747478
FILE,16,1048576,2787451
FILE,16,1048576,3165524
FILE,16,1048576,3011016
FILE,16,1048576,2833354
FILE,16,1048576,2777035
FILE,16,1048576,3160418
FILE,16,1048576,3270539
FILE,16,1048576,2850835
FILE,16,1048576,2973944
FILE,16,1048576,3111750
FILE,16,1048576,2871301
FILE,16,1048576,2961862
FILE,16,1048576,2876947
FILE,16,1048576,2875327
FILE,16,1048576,2847175
FILE,16,1048576,3167642
FILE,16,1048576,2730715
FILE,16,1048576,2773299
FILE,16,1048576,3216863
FILE,16,1048576,2721615
FILE,16,1048576,2825664
FILE,16,1048576,3200293
FILE,16,1048576,2830867
FILE,16,1048576,2792921
FILE,16,1048576,3051315
FILE,16,1048576,3081999
FILE,16,1048576,3019183
FILE,16,1048576,2812288
FILE,16,1048576,2994152
FILE,16,1048576,2788763
FILE,16,1048576,2905916
FILE,16,1048576,2797741
FILE,16,1048576,2965379
FILE,16,1048576,2743967
FILE,16,1048576,2896850
FILE,16,1048576,3147752
FILE,16,1048576,3024675
FILE,16,1048576,2799275
FILE,16,1048576,3085259
FILE,16,1048576,2766415
FILE,16,1048576,2928700
FILE,16,1048576,3212876
FILE,16,1048576,2848395
FILE,16,1048576,2771735
FILE,16,1048576,2792075
FILE,16,1048576,2855815
FILE,16,1048576,2789980
FILE,16,1048576,3237922
FILE,16,1048576,2809950
FILE,16,1048576,2854371
FILE,16,1048576,3165359
FILE,16,1048576,2778841
FILE,16,1048576,2883241
FILE,16,1048576,3189563
FILE,16,1048576,7046062
FILE,16,1048576,2906248
FILE,16,1048576,6468852
FILE,16,1048576,3180319
FILE,16,1048576,2869879
FILE,16,1048576,3090050
FILE,16,1048576,3213673
FILE,16,1048576,2850965
FILE,16,1048576,2884529
FILE,16,1048576,2788874
FILE,16,1048576,2863563
FILE,16,1048576,2727590
FILE,16,1048576,3083961
FILE,16,1048576,2949491
FILE,16,1048576,2945587
FILE,16,1048576,2824994
FILE,16,1048576,3047041
FILE,16,1048576,2747782
FILE,16,1048576,2795077
FILE,16,1048576,3180858
FILE,16,1048576,2738359
FILE,16,1048576,2792264
FILE,16,1048576,2811865
FILE,16,1048576,3098725
FILE,16,1048576,2852168
FILE,16,1048576,2949028
FILE,16,1048576,3315130
FILE,16,1048576,2813171
FILE,16,1048576,3058717
FILE,16,1048576,2926414
FILE,16,1048576,3035931
FILE,16,1048576,2876873
FILE,16,1048576,3086863
FILE,16,1048576,2909899
FILE,16,1048576,2842119
FILE,16,1048576,3276735
FILE,16,1048576,3015211
FILE,16,1048576,2882509
FILE,16,1048576,2917090
FILE,16,1048576,3096731
FILE,16,1048576,2813600
FILE,16,1048576,2943007
FILE,16,1048576,3107938
FILE,16,1048576,3062309
FILE,16,1048576,2870646
FILE,16,1048576,3047919
FILE,16,1048576,2883109
FILE,16,1048576,2862749
FILE,16,1048576,3246042
FILE,16,1048576,2893202
FILE,16,1048576,2867368
FILE,16,1048576,3175124
FILE,16,1048576,3114864
FILE,16,1048576,2828387
FILE,16,1048576,2807588
FILE,16,1048576,3125145
FILE,16,1048576,3301894
FILE,16,1048576,2918058
FILE,16,1048576,3074768
FILE,16,1048576,2732465
FILE,16,1048576,2798264
FILE,16,1048576,3161398
FILE,16,1048576,2982271
FILE,16,1048576,2944368
FILE,16,1048576,2800587
FILE,16,1048576,3178420
FILE,16,1048576,2812822
FILE,16,1048576,2859615
FILE,16,1048576,6146583
FILE,16,1048576,2863022
FILE,16,1048576,2798632
FILE,16,1048576,2993967
FILE,16,1048576,2882601
FILE,16,1048576,2761065
FILE,16,1048576,3225390
FILE,16,1048576,3228250
FILE,16,1048576,2958995
FILE,16,1048576,3093243
FILE,16,1048576,2935369
FILE,16,1048576,2914738
FILE,16,1048576,2881886
FILE,16,1048576,3105366
FILE,16,1048576,2783672
FILE,16,1048576,2966223
FILE,16,1048576,3226221
FILE,16,1048576,3267337
FILE,16,1048576,2872063
FILE,16,1048576,3271555
FILE,16,1048576,2845031
FILE,16,1048576,3014290
FILE,16,1048576,2796647
FILE,16,1048576,3206754
FILE,16,1048576,2815017
FILE,16,1048576,2969035
FILE,16,1048576,3202311
FILE,16,1048576,2892447
FILE,16,1048576,2921221
FILE,16,1048576,3276521
FILE,16,1048576,2894018
FILE,16,1048576,2794655
FILE,16,1048576,3195141
FILE,16,1048576,2857590
FILE,16,1048576,2813414
FILE,16,1048576,2806613
FILE,16,1048576,3158874
FILE,16,1048576,2813861
FILE,16,1048576,2874101
FILE,16,1048576,3200765
FILE,16,1048576,2814684
FILE,16,1048576,2847648
FILE,16,1048576,3245840
FILE,16,1048576,2881817
FILE,16,1048576,2868954
FILE,16,1048576,2972046
FILE,16,1048576,3185346
FILE,16,1048576,2766915
FILE,16,1048576,2879021
FILE,16,1048576,3223014
FILE,16,1048576,2921044
FILE,16,1048576,2893586
FILE,16,1048576,3235184
FILE,16,1048576,2755433
FILE,16,1048576,2889421
FILE,16,1048576,3147024
FILE,16,1048576,3451294
FILE,16,1048576,2829291
FILE,16,1048576,2852096
FILE,16,1048576,2920994
FILE,16,1048576,2857052
FILE,16,1048576,2872972
FILE,16,1048576,3269768
FILE,16,1048576,2875705
FILE,16,1048576,2804692
FILE,16,1048576,3184819
FILE,16,1048576,5450742
FILE,16,1048576,2753294
FILE,16,1048576,3048907
FILE,16,1048576,2902988
FILE,16,1048576,2891105
FILE,16,1048576,3212564
FILE,16,1048576,3047550
FILE,16,1048576,2798848
FILE,16,1048576,2847245
FILE,16,1048576,3192862
FILE,16,1048576,2791037
FILE,16,1048576,2923034
FILE,16,1048576,3219420
FILE,16,1048576,2859430
FILE,16,1048576,2981145
FILE,16,1048576,3204053
FILE,16,1048576,3223148
FILE,16,1048576,2844878
FILE,16,1048576,2913497
FILE,16,1048576,3253127
FILE,16,1048576,2816783
FILE,16,1048576,2891981
FILE,16,1048576,3331938
FILE,16,1048576,2922913
FILE,16,1048576,2993322
FILE,16,1048576,3176918
FILE,16,1048576,2935887
FILE,16,1048576,2982381
FILE,16,1048576,2934450
FILE,16,1048576,3170419
FILE,16,1048576,2854675
FILE,16,1048576,2916102
FILE,16,1048576,2846558
FILE,16,1048576,2813339
FILE,16,1048576,2917692
FILE,16,1048576,3264125
FILE,16,1048576,3240762
FILE,16,1048576,2847223
FILE,16,1048576,2918107
FILE,16,1048576,2989530
FILE,16,1048576,2812517
FILE,16,1048576,2877645
FILE,16,1048576,3353782
FILE,16,1048576,2801253
FILE,16,1048576,2916946
FILE,16,1048576,3480910
FILE,16,1048576,2859862
FILE,16,1048576,2874822
FILE,16,1048576,2946761
FILE,16,1048576,3063169
FILE,16,1048576,2920272
FILE,16,1048576,3041655
FILE,16,1048576,3051665
FILE,16,1048576,2807998
FILE,16,1048576,2851757
FILE,16,1048576,3036510
FILE,16,1048576,3335089
FILE,16,1048576,2782762
FILE,16,1048576,2849025
FILE,16,1048576,3145897
FILE,16,1048576,2762604
FILE,16,1048576,2810589
FILE,16,1048576,3305324
FILE,16,1048576,2877722
FILE,16,1048576,2955146
FILE,16,1048576,3210289
FILE,16,1048576,6869430
FILE,16,1048576,2922138
FILE,16,1048576,2891581
FILE,16,1048576,3230802
FILE,16,1048576,2822736
FILE,16,1048576,3027142
FILE,16,1048576,3083072
FILE,16,1048576,2963407
FILE,16,1048576,2963349
FILE,16,1048576,3368057
FILE,16,1048576,2842938
FILE,16,1048576,3043165
FILE,16,1048576,3235336
FILE,16,1048576,2826483
FILE,16,1048576,2934315
FILE,16,1048576,2948166
FILE,16,1048576,2915402
FILE,16,1048576,2989141
FILE,16,1048576,2949520
FILE,16,1048576,3174974
FILE,16,1048576,2819914
FILE,16,1048576,2940148
FILE,16,1048576,3231277
FILE,16,1048576,2901297
FILE,16,1048576,2919622
FILE,16,1048576,3166970
FILE,16,1048576,3185374
FILE,16,1048576,2914255
FILE,16,1048576,3242070
FILE,16,1048576,3078617
FILE,16,1048576,2936911
FILE,16,1048576,2940966
FILE,16,1048576,3352042
FILE,16,1048576,2875088
FILE,16,1048576,2957548
FILE,16,1048576,3136846
FILE,16,1048576,2980355
FILE,16,1048576,2847202
FILE,16,1048576,3114111
FILE,16,1048576,2829701
FILE,16,1048576,2853877
FILE,16,1048576,3214287
FILE,16,1048576,2923369
FILE,16,1048576,3026954
FILE,16,1048576,3003743
FILE,16,1048576,2867617
FILE,16,1048576,2866292
FILE,16,1048576,2822676
FILE,16,1048576,3258678
FILE,16,1048576,2820896
FILE,16,1048576,2857391
FILE,16,1048576,2228221
FILE,16,1048576,2838616
FILE,16,1048576,2864123
FILE,16,1048576,3175461
FILE,16,1048576,3213085
FILE,16,1048576,2812969
FILE,16,1048576,2864390
FILE,16,1048576,3151290
FILE,16,1048576,2918067
FILE,16,1048576,2867436
FILE,16,1048576,3258144
FILE,16,1048576,2834274
FILE,16,1048576,2885803
FILE,16,1048576,2883388
FILE,16,1048576,3282521
FILE,16,1048576,5449444
FILE,16,1048576,3043662
FILE,16,1048576,2956414
FILE,16,1048576,2955824
FILE,16,1048576,3360234
FILE,16,1048576,3561070
FILE,16,1048576,2977921
FILE,16,1048576,3111011
FILE,16,1048576,3323461
FILE,16,1048576,3408133
FILE,16,1048576,2943341
FILE,16,1048576,3523466
FILE,16,1048576,3091087
FILE,16,1048576,3120104
FILE,16,1048576,3372131
FILE,16,1048576,3377887
FILE,16,1048576,3138797
FILE,16,1048576,3048238
FILE,16,1048576,3492315
FILE,16,1048576,3016199
FILE,16,1048576,3122394
FILE,16,1048576,3113148
FILE,16,1048576,3133852
FILE,16,1048576,3105517
FILE,16,1048576,3260331
FILE,16,1048576,3179591
FILE,16,1048576,3004299
FILE,16,1048576,3052631
FILE,16,1048576,3053381
FILE,16,1048576,3359648
FILE,16,1048576,2940200
FILE,16,1048576,3067062
FILE,16,1048576,3587759
FILE,16,1048576,3058193
FILE,16,1048576,3212768
FILE,16,1048576,3545205
FILE,16,1048576,3019044
FILE,16,1048576,3001757
FILE,16,1048576,2992872
FILE,16,1048576,3651451
FILE,16,1048576,3006169
FILE,16,1048576,3054462
FILE,16,1048576,3608558
FILE,16,1048576,2919313
FILE,16,1048576,3048293
FILE,16,1048576,3192735
FILE,16,1048576,2868047
FILE,16,1048576,2814391
FILE,16,1048576,2918187
FILE,16,1048576,3498867
FILE,16,1048576,2922843
FILE,16,1048576,3048835
FILE,16,1048576,3003396
FILE,16,1048576,3545519
FILE,16,1048576,2897978
FILE,16,1048576,2982476
FILE,16,1048576,3290241
FILE,16,1048576,16543092
FILE,16,1048576,3386149
FILE,16,1048576,2918180
FILE,16,1048576,3159924
FILE,16,1048576,3138646
FILE,16,1048576,7203733
FILE,16,1048576,3133942
FILE,16,1048576,3281027
FILE,16,1048576,2871899
FILE,16,1048576,4541516
FILE,16,1048576,9243409
FILE,16,1048576,3345157
FILE,16,1048576,3351131
FILE,16,1048576,2928652
FILE,16,1048576,3080628
FILE,16,1048576,3065426
FILE,16,1048576,2927333
FILE,16,1048576,2944793
FILE,16,1048576,3211050
FILE,16,1048576,2924238
FILE,16,1048576,2949233
FILE,16,1048576,3389878
FILE,16,1048576,3066646
FILE,16,1048576,2869985
FILE,16,1048576,3118246
FILE,16,1048576,3150455
FILE,16,1048576,2878182
FILE,16,1048576,2949682
FILE,16,1048576,3308212
FILE,16,1048576,2899642
FILE,16,1048576,2919094
FILE,16,1048576,3736232
FILE,16,1048576,3434385
FILE,16,1048576,2903743
FILE,16,1048576,2943703
FILE,16,1048576,2973773
FILE,16,1048576,2929861
FILE,16,1048576,2932881
FILE,16,1048576,3342750
FILE,16,1048576,2965722
FILE,16,1048576,3163227
FILE,16,1048576,3103019
FILE,16,1048576,2871643
FILE,16,1048576,2934944
FILE,16,1048576,3501531
FILE,16,1048576,3015266
FILE,16,1048576,3162778
FILE,16,1048576,3336036
FILE,16,1048576,3356599
FILE,16,1048576,2874474
FILE,16,1048576,3207140
FILE,16,1048576,3168273
FILE,16,1048576,2926118
FILE,16,1048576,2947224
FILE,16,1048576,7348812
FILE,16,1048576,2888762
FILE,16,1048576,2990445
FILE,16,1048576,3176361
FILE,16,1048576,2918337
FILE,16,1048576,2970600
FILE,16,1048576,3330094
FILE,16,1048576,3058406
FILE,16,1048576,3041417
FILE,16,1048576,3292910
FILE,16,1048576,3008267
FILE,16,1048576,2922609
FILE,16,1048576,3066031
FILE,16,1048576,5154686
FILE,16,1048576,3023066
FILE,16,1048576,3005671
FILE,16,1048576,3430868
FILE,16,1048576,2898278
FILE,16,1048576,2965071
FILE,16,1048576,3328814
FILE,16,1048576,2961956
FILE,16,1048576,4298415
FILE,16,1048576,3145473
FILE,16,1048576,2919305
FILE,16,1048576,2921346
FILE,16,1048576,3352601
FILE,16,1048576,3369421
